Bitcoin (BTC),"$6,910.27"
IOTA (MIOTA),$0.160738
 and reload the page.,
Zcash (ZEC),$35.68
Stellar (XLM),$0.048427
),$0.167788
 page.,
Please turn JavaScript on and reload the page.,
Please turn JavaScript on and reload the page.,
Please turn JavaScript on and reload the page.,
Please turn JavaScript on and reload the page.,
Please turn JavaScript on and reload the page.,
Please turn JavaScript on and reload the page.,
Please turn JavaScript on and reload the page.,
Please turn JavaScript on and reload the page.,
Please turn JavaScript on and reload the page.,
Please turn JavaScript on and reload the page.,
Please turn JavaScript on and reload the page.,
Please turn JavaScript on and reload the page.,
Please turn JavaScript on and reload the page.,
Please turn JavaScript on and reload the page.,
Please turn JavaScript on and reload the page.,
Please turn JavaScript on and reload the page.,
Please turn JavaScript on and reload the page.,
Please turn JavaScript on and reload the page.,
Please turn JavaScript on and reload the page.,
Please turn JavaScript on and reload the page.,
Please turn JavaScript on and reload the page.,
Please turn JavaScript on and reload the page.,
Please turn JavaScript on and reload the page.,
Please turn JavaScript on and reload the page.,
Please turn JavaScript on and reload the page.,
Please turn JavaScript on and reload the page.,
Please turn JavaScript on and reload the page.,
Please turn JavaScript on and reload the page.,
Please turn JavaScript on and reload the page.,
Please turn JavaScript on and reload the page.,
Please turn JavaScript on and reload the page.,
Please turn JavaScript on and reload the page.,
Please turn JavaScript on and reload the page.,
Please turn JavaScript on and reload the page.,
Please turn JavaScript on and reload the page.,
Please turn JavaScript on and reload the page.,
Please turn JavaScript on and reload the page.,
Please turn JavaScript on and reload the page.,
Please turn JavaScript on and reload the page.,
Please turn JavaScript on and reload the page.,
Please turn JavaScript on and reload the page.,
Please turn JavaScript on and reload the page.,
Please turn JavaScript on and reload the page.,
Please turn JavaScript on and reload the page.,
Please turn JavaScript on and reload the page.,
Please turn JavaScript on and reload the page.,
Please turn JavaScript on and reload the page.,
Please turn JavaScript on and reload the page.,
Please turn JavaScript on and reload the page.,
Please turn JavaScript on and reload the page.,
Please turn JavaScript on and reload the page.,
Please turn JavaScript on and reload the page.,
Please turn JavaScript on and reload the page.,
Please turn JavaScript on and reload the page.,
Please turn JavaScript on and reload the page.,
Please turn JavaScript on and reload the page.,
Please turn JavaScript on and reload the page.,
Please turn JavaScript on and reload the page.,
Please turn JavaScript on and reload the page.,
Please turn JavaScript on and reload the page.,
Please turn JavaScript on and reload the page.,
Please turn JavaScript on and reload the page.,
Please turn JavaScript on and reload the page.,
Please turn JavaScript on and reload the page.,
Please turn JavaScript on and reload the page.,
Please turn JavaScript on and reload the page.,
Please turn JavaScript on and reload the page.,
Please turn JavaScript on and reload the page.,
Please turn JavaScript on and reload the page.,
Please turn JavaScript on and reload the page.,
Please turn JavaScript on and reload the page.,
Please turn JavaScript on and reload the page.,
Please turn JavaScript on and reload the page.,
Please turn JavaScript on and reload the page.,
Please turn JavaScript on and reload the page.,
Please turn JavaScript on and reload the page.,
Please turn JavaScript on and reload the page.,
Please turn JavaScript on and reload the page.,
Please turn JavaScript on and reload the page.,
Please turn JavaScript on and reload the page.,
Please turn JavaScript on and reload the page.,
Please turn JavaScript on and reload the page.,
Please turn JavaScript on and reload the page.,
Please turn JavaScript on and reload the page.,
Please turn JavaScript on and reload the page.,
Please turn JavaScript on and reload the page.,
Please turn JavaScript on and reload the page.,
Please turn JavaScript on and reload the page.,
Please turn JavaScript on and reload the page.,
Please turn JavaScript on and reload the page.,
Please turn JavaScript on and reload the page.,
Please turn JavaScript on and reload the page.,
Please turn JavaScript on and reload the page.,
Please turn JavaScript on and reload the page.,
Please turn JavaScript on and reload the page.,
Please turn JavaScript on and reload the page.,
Please turn JavaScript on and reload the page.,
Please turn JavaScript on and reload the page.,
Please turn JavaScript on and reload the page.,
Please turn JavaScript on and reload the page.,
Please turn JavaScript on and reload the page.,
Please turn JavaScript on and reload the page.,
Please turn JavaScript on and reload the page.,
Please turn JavaScript on and reload the page.,
Please turn JavaScript on and reload the page.,
Please turn JavaScript on and reload the page.,
Please turn JavaScript on and reload the page.,
Please turn JavaScript on and reload the page.,
Please turn JavaScript on and reload the page.,
Please turn JavaScript on and reload the page.,
Please turn JavaScript on and reload the page.,
Please turn JavaScript on and reload the page.,
